Row ID,Order ID,Order Date,Ship Date,Ship Mode,Customer ID,Customer Name,Country,City,State,Postal Code,Region,Product ID,Category,Sub-Category,Product Name,Sales,Quantity,Discount,Profit,nc
319,CA-2014-164973,2014-11-04,2014-11-09,Standard Class,NM-18445,Nathan Mautz,United States,New York City,New York,10024,East,TEC-MA-10002927,Technology,Machines,Canon imageCLASS MF7460 Monochrome Digital Laser Multifunction Copier,3991.98,2,0.0,1995.99,1.0
354,CA-2016-129714,2016-09-01,2016-09-03,First Class,AB-10060,Adam Bellavance,United States,New York City,New York,10009,East,OFF-BI-10004995,Office Supplies,Binders,GBC DocuBind P400 Electric Binding System,4355.168000000001,4,0.2,1415.4295999999997,1.0
510,CA-2015-145352,2015-03-16,2015-03-22,Standard Class,CM-12385,Christopher Martinez,United States,Atlanta,Georgia,30318,South,OFF-BI-10003527,Office Supplies,Binders,Fellowes PB500 Electric Punch Plastic Comb Binding Machine with Manual Bind,6354.95,5,0.0,3177.475,1.0
516,CA-2017-127432,2017-01-22,2017-01-27,Standard Class,AD-10180,Alan Dominguez,United States,Great Falls,Montana,59405,West,TEC-CO-10003236,Technology,Copiers,Canon Image Class D660 Copier,2999.95,5,0.0,1379.9769999999999,1.0
995,CA-2014-117639,2014-05-21,2014-05-25,Standard Class,MW-18235,Mitch Willingham,United States,Virginia Beach,Virginia,23464,South,OFF-BI-10003925,Office Supplies,Binders,Fellowes PB300 Plastic Comb Binding Machine,2715.9300000000003,7,0.0,1276.4871,1.0
1086,US-2016-143819,2016-03-01,2016-03-05,Standard Class,KD-16270,Karen Daniels,United States,Yonkers,New York,10701,East,TEC-MA-10003979,Technology,Machines,Ativa V4110MDD Micro-Cut Shredder,4899.93,7,0.0,2400.9656999999997,1.0
1455,CA-2016-133711,2016-11-26,2016-11-29,First Class,MC-17425,Mark Cousins,United States,Mobile,Alabama,36608,South,TEC-MA-10000010,Technology,Machines,Hewlett-Packard Deskjet 3050a All-in-One Color Inkjet Printer,3040.0,8,0.0,1459.2,1.0
1645,CA-2015-111829,2015-03-19,2015-03-20,First Class,FH-14365,Fred Hopkins,United States,Seattle,Washington,98115,West,TEC-CO-10001766,Technology,Copiers,Canon PC940 Copier,3149.9300000000003,7,0.0,1480.4670999999998,1.0
2183,CA-2016-128818,2016-05-07,2016-05-11,Standard Class,CJ-12010,Caroline Jumper,United States,New York City,New York,10009,East,TEC-MA-10000488,Technology,Machines,Bady BDG101FRU Card Printer,3999.95,5,0.0,1159.9854999999998,1.0
2493,CA-2014-144624,2014-11-19,2014-11-23,Standard Class,JM-15865,John Murray,United States,Jamestown,New York,14701,East,TEC-PH-10002885,Technology,Phones,Apple iPhone 5,4548.81,7,0.0,1228.1787000000004,1.0
2624,CA-2017-127180,2017-10-22,2017-10-24,First Class,TA-21385,Tom Ashbrook,United States,New York City,New York,10024,East,TEC-CO-10004722,Technology,Copiers,Canon imageCLASS 2200 Advanced Copier,11199.968,4,0.2,3919.988799999999,1.0
2849,CA-2017-157854,2017-04-08,2017-04-15,Standard Class,DM-13345,Denise Monton,United States,Roswell,Georgia,30076,South,OFF-BI-10001359,Office Supplies,Binders,GBC DocuBind TL300 Electric Binding System,2690.9700000000003,3,0.0,1264.7558999999999,1.0
3274,CA-2017-133865,2017-05-08,2017-05-12,Standard Class,PS-19045,Penelope Sewall,United States,Los Angeles,California,90032,West,TEC-CO-10001046,Technology,Copiers,Canon Imageclass D680 Copier / Fax,3359.952,6,0.2,1049.985,1.0
4094,CA-2015-102491,2015-08-24,2015-08-28,Standard Class,KW-16435,Katrina Willman,United States,Florence,Kentucky,41042,South,TEC-MA-10000864,Technology,Machines,Cisco 9971 IP Video Phone Charcoal,3080.0,7,0.0,1416.7999999999997,1.0
4099,CA-2014-116904,2014-09-23,2014-09-28,Standard Class,SC-20095,Sanjit Chand,United States,Minneapolis,Minnesota,55407,Central,OFF-BI-10001120,Office Supplies,Binders,Ibico EPK-21 Electric Binding System,9449.95,5,0.0,4630.4755000000005,1.0
4191,CA-2017-166709,2017-11-17,2017-11-22,Standard Class,HL-15040,Hunter Lopez,United States,Newark,Delaware,19711,East,TEC-CO-10004722,Technology,Copiers,Canon imageCLASS 2200 Advanced Copier,10499.97,3,0.0,5039.9856,1.0
4278,US-2016-107440,2016-04-16,2016-04-20,Standard Class,BS-11365,Bill Shonely,United States,Lakewood,New Jersey,8701,East,TEC-MA-10001047,Technology,Machines,"3D Systems Cube Printer, 2nd Generation, Magenta",9099.93,7,0.0,2365.9817999999996,1.0
4620,CA-2017-145219,2017-12-24,2017-12-25,First Class,RM-19675,Robert Marley,United States,Los Angeles,California,90049,West,TEC-CO-10001449,Technology,Copiers,Hewlett Packard LaserJet 3310 Copier,2879.952,6,0.2,1007.9831999999999,1.0
5007,CA-2015-169796,2015-11-09,2015-11-14,Standard Class,Dp-13240,Dean percer,United States,New York City,New York,10035,East,TEC-MA-10000045,Technology,Machines,Zebra ZM400 Thermal Label Printer,2321.9,2,0.0,1114.512,1.0
5127,CA-2014-160766,2014-09-14,2014-09-14,Same Day,DM-13015,Darrin Martin,United States,New York City,New York,10009,East,TEC-MA-10003979,Technology,Machines,Ativa V4110MDD Micro-Cut Shredder,2799.96,4,0.0,1371.9804,1.0
5563,CA-2017-133263,2017-03-31,2017-04-02,Second Class,JE-15610,Jim Epp,United States,Atlanta,Georgia,30318,South,TEC-CO-10001449,Technology,Copiers,Hewlett Packard LaserJet 3310 Copier,2999.95,5,0.0,1439.976,1.0
5711,US-2015-160857,2015-05-08,2015-05-15,Standard Class,NW-18400,Natalie Webber,United States,New York City,New York,10024,East,TEC-CO-10004115,Technology,Copiers,Sharp AL-1530CS Digital Copier,2799.944,7,0.2,1014.9797,1.0
6341,CA-2017-143112,2017-10-05,2017-10-09,Standard Class,TS-21370,Todd Sumrall,United States,New York City,New York,10035,East,TEC-MA-10001047,Technology,Machines,"3D Systems Cube Printer, 2nd Generation, Magenta",5199.96,4,0.0,1351.9895999999999,1.0
6426,CA-2016-143714,2016-05-23,2016-05-27,Standard Class,CC-12370,Christopher Conant,United States,Philadelphia,Pennsylvania,19120,East,TEC-CO-10004722,Technology,Copiers,Canon imageCLASS 2200 Advanced Copier,8399.975999999999,4,0.4,1119.996799999999,1.0
6521,CA-2017-138289,2017-01-16,2017-01-18,Second Class,AR-10540,Andy Reiter,United States,Jackson,Michigan,49201,Central,OFF-BI-10004995,Office Supplies,Binders,GBC DocuBind P400 Electric Binding System,5443.96,4,0.0,2504.2216,1.0
6627,CA-2014-145541,2014-12-14,2014-12-21,Standard Class,TB-21400,Tom Boeckenhauer,United States,New York City,New York,10024,East,TEC-MA-10001127,Technology,Machines,"HP Designjet T520 Inkjet Large Format Printer - 24"" Color",6999.96,4,0.0,2239.9871999999996,1.0
6818,CA-2014-144414,2014-06-17,2014-06-21,Standard Class,GH-14425,Gary Hwang,United States,Seattle,Washington,98105,West,OFF-BI-10004995,Office Supplies,Binders,GBC DocuBind P400 Electric Binding System,3266.376,3,0.2,1061.5721999999998,1.0
6827,CA-2016-118689,2016-10-02,2016-10-09,Standard Class,TC-20980,Tamara Chand,United States,Lafayette,Indiana,47905,Central,TEC-CO-10004722,Technology,Copiers,Canon imageCLASS 2200 Advanced Copier,17499.949999999997,5,0.0,8399.975999999999,1.0
7281,CA-2015-162782,2015-02-21,2015-02-27,Standard Class,PW-19240,Pierre Wener,United States,Columbia,Maryland,21044,East,OFF-BI-10003527,Office Supplies,Binders,Fellowes PB500 Electric Punch Plastic Comb Binding Machine with Manual Bind,2541.98,2,0.0,1270.99,1.0
7667,US-2016-140158,2016-10-04,2016-10-08,Standard Class,DR-12940,Daniel Raglin,United States,Providence,Rhode Island,2908,East,TEC-CO-10001449,Technology,Copiers,Hewlett Packard LaserJet 3310 Copier,5399.91,9,0.0,2591.9568,1.0
7684,CA-2015-120782,2015-04-28,2015-05-01,First Class,SD-20485,Shirley Daniels,United States,Midland,Michigan,48640,Central,OFF-BI-10003527,Office Supplies,Binders,Fellowes PB500 Electric Punch Plastic Comb Binding Machine with Manual Bind,3812.9700000000003,3,0.0,1906.4850000000001,1.0
7819,CA-2016-138478,2016-10-21,2016-10-26,Second Class,DP-13390,Dennis Pardue,United States,North Las Vegas,Nevada,89031,West,OFF-BI-10001120,Office Supplies,Binders,Ibico EPK-21 Electric Binding System,4535.976000000001,3,0.2,1644.2912999999999,1.0
7915,CA-2017-165323,2017-06-17,2017-06-21,Standard Class,SR-20740,Steven Roelle,United States,New York City,New York,10024,East,TEC-MA-10003673,Technology,Machines,Hewlett-Packard Desktjet 6988DT Refurbished Printer,3404.5,5,0.0,1668.205,1.0
8154,CA-2017-140151,2017-03-23,2017-03-25,First Class,RB-19360,Raymond Buch,United States,Seattle,Washington,98115,West,TEC-CO-10004722,Technology,Copiers,Canon imageCLASS 2200 Advanced Copier,13999.96,4,0.0,6719.980799999999,1.0
8205,CA-2015-114811,2015-11-08,2015-11-08,Same Day,KD-16495,Keith Dawkins,United States,New York City,New York,10024,East,TEC-MA-10000045,Technology,Machines,Zebra ZM400 Thermal Label Printer,4643.8,4,0.0,2229.024,1.0
8489,CA-2016-158841,2016-02-02,2016-02-04,Second Class,SE-20110,Sanjit Engle,United States,Arlington,Virginia,22204,South,TEC-MA-10001127,Technology,Machines,"HP Designjet T520 Inkjet Large Format Printer - 24"" Color",8749.95,5,0.0,2799.9839999999995,1.0
8750,US-2015-163825,2015-06-16,2015-06-19,First Class,LC-16885,Lena Creighton,United States,New York City,New York,10009,East,OFF-BI-10003527,Office Supplies,Binders,Fellowes PB500 Electric Punch Plastic Comb Binding Machine with Manual Bind,3050.376,3,0.2,1143.891,1.0
8859,CA-2017-135909,2017-10-13,2017-10-20,Standard Class,JW-15220,Jane Waco,United States,Sacramento,California,95823,West,OFF-BI-10003527,Office Supplies,Binders,Fellowes PB500 Electric Punch Plastic Comb Binding Machine with Manual Bind,5083.96,5,0.2,1906.485,1.0
8991,US-2015-128587,2015-12-24,2015-12-30,Standard Class,HM-14860,Harry Marie,United States,Springfield,Missouri,65807,Central,TEC-CO-10003763,Technology,Copiers,Canon PC1060 Personal Laser Copier,4899.93,7,0.0,2302.9671,1.0
9040,CA-2016-117121,2016-12-17,2016-12-21,Standard Class,AB-10105,Adrian Barton,United States,Detroit,Michigan,48205,Central,OFF-BI-10000545,Office Supplies,Binders,GBC Ibimaster 500 Manual ProClick Binding System,9892.74,13,0.0,4946.37,1.0
9271,US-2017-102183,2017-08-21,2017-08-28,Standard Class,PK-19075,Pete Kriz,United States,New York City,New York,10035,East,OFF-BI-10001359,Office Supplies,Binders,GBC DocuBind TL300 Electric Binding System,4305.552000000001,6,0.2,1453.1237999999996,1.0
9742,CA-2015-117086,2015-11-08,2015-11-12,Standard Class,QJ-19255,Quincy Jones,United States,Burlington,Vermont,5408,East,FUR-BO-10004834,Furniture,Bookcases,"Riverside Palais Royal Lawyers Bookcase, Royale Cherry Finish",4404.9,5,0.0,1013.1270000000001,1.0
